FileID,Northing (m),Easting (m),TVDSS (m),Umin (m),Uint (m),Umax (m),Azimuth Umax (deg),Elevation Umax (deg),relative ot (s),Confidence Index,SNR mean P,SNR mean S,Mw P,Mw S,Mw (calibrated),,
20230719_014658.140,4263042.58,335728.59,869.90,12.74,17.39,23.62,91.29,89.29,2.478,42,87,35,1.27,0.93,-0.05,,
20230719_015052.760,4262991.17,335719.40,731.85,7.83,11.25,14.36,39.35,65.79,2.495,37,55,22,0.84,0.69,-0.38,,
20230719_015140.420,4263028.67,335723.65,868.96,14.76,15.67,22.82,272.74,91.69,2.399,36,46,23,0.96,0.74,-0.30,,
20230719_021049.840,4263126.98,335689.43,637.57,8.63,12.08,25.36,270.81,90.16,2.452,20,15,12,0.43,0.41,-0.73,,
20230719_021757.860,4263034.45,335726.09,870.74,14.62,15.16,22.67,274.55,88.13,2.475,37,77,26,1.28,0.73,-0.15,,
20230719_022127.800,4263127.22,335749.44,653.38,18.43,18.90,30.46,89.62,91.95,2.476,53,60,28,0.86,0.80,-0.32,,
20230719_022252.220,4263092.74,335761.22,698.92,14.80,15.05,36.22,89.68,91.01,2.460,55,50,39,1.04,0.93,-0.17,,
20230719_023754.260,4263115.61,335678.36,647.75,11.20,15.01,35.81,89.40,92.46,2.535,48,30,33,0.89,0.73,-0.34,,
20230719_025343.140,4263030.63,335653.35,811.63,16.73,18.41,21.78,312.99,5.76,2.481,25,22,12,0.45,0.39,-0.73,,
20230719_025648.380,4262960.20,335662.33,694.90,15.50,16.32,46.13,262.57,83.31,2.486,27,23,19,0.64,0.68,-0.49,,
20230719_025836.060,4263128.59,335741.70,675.55,12.55,14.81,25.95,270.62,91.44,2.510,45,41,25,0.76,0.71,-0.41,,
20230719_025842.080,4263100.25,335730.42,674.45,13.09,13.83,30.07,269.71,89.74,2.516,59,57,58,1.06,0.97,-0.13,,
20230719_030249.180,4263060.94,335744.95,715.87,8.90,11.39,23.70,89.85,90.05,2.466,34,47,24,0.82,0.69,-0.39,,
20230719_030929.320,4263115.06,335737.46,678.69,13.77,16.16,43.64,89.13,92.00,2.522,43,43,21,0.57,0.63,-0.55,,
20230719_030953.040,4263115.30,335738.75,679.92,13.29,15.03,43.59,269.86,88.51,2.471,45,47,26,0.64,0.73,-0.46,,
20230719_031236.560,4263128.57,335749.32,682.34,15.01,15.34,36.98,89.58,91.49,2.483,67,30,50,1.05,1.06,-0.10,,
20230719_031715.160,4263072.75,335655.05,649.25,11.59,12.38,41.60,271.09,89.46,2.504,64,41,71,1.01,0.98,-0.15,,
20230719_031752.460,4263034.38,335635.84,653.75,14.82,16.53,27.20,272.51,87.13,2.454,27,12,11,0.25,0.44,-0.80,,
20230719_032930.400,4263164.62,335679.12,596.61,11.82,17.74,31.64,272.24,89.51,2.504,54,60,60,0.89,0.99,-0.21,,
20230719_032951.960,4263084.26,335753.18,716.59,15.06,16.83,42.85,270.45,88.45,2.444,45,37,22,0.81,0.74,-0.37,,
20230719_034045.220,4263153.43,335695.23,601.63,14.71,18.70,33.87,275.19,93.27,2.479,42,76,32,1.27,0.77,-0.13,,
20230719_034908.440,4263103.04,335760.46,705.58,11.91,13.46,23.98,270.02,90.04,2.447,46,70,39,1.05,0.82,-0.22,,
20230719_034956.660,4263136.88,335575.06,596.51,11.78,14.20,29.47,62.52,85.51,2.487,22,16,10,0.34,0.52,-0.72,,
20230719_035325.460,4263128.91,335745.72,659.41,12.66,15.54,30.61,271.47,90.63,2.479,34,37,16,0.79,0.74,-0.38,,
20230719_035436.600,4263112.20,335740.99,689.70,11.82,13.47,43.48,269.97,88.95,2.484,55,56,44,0.99,0.91,-0.20,,
20230719_035957.680,4263154.94,335754.43,642.55,7.00,12.06,43.68,270.75,89.37,2.463,31,48,27,1.26,0.73,-0.16,,
20230719_040051.760,4263098.69,335757.09,703.62,13.27,14.59,23.98,270.00,90.02,2.550,45,42,28,1.10,0.86,-0.17,,
20230719_040055.300,4263109.03,335739.06,684.87,12.05,12.96,29.94,270.22,88.44,2.462,46,88,35,0.95,0.90,-0.23,,
20230719_040116.080,4263077.42,335727.20,683.55,12.27,12.30,35.09,90.81,90.81,2.483,53,56,60,1.04,1.18,-0.04,,
20230719_040132.780,4263095.25,335732.59,682.84,13.86,17.44,32.81,76.69,92.03,2.474,32,27,18,0.64,0.62,-0.52,,
20230719_040153.740,4263065.14,335744.12,707.64,12.11,13.16,32.60,273.20,89.10,2.485,42,74,43,0.93,0.90,-0.24,,
20230719_040253.400,4263122.08,335733.01,658.67,13.29,16.80,23.57,89.96,90.10,2.486,43,52,34,0.94,0.95,-0.21,,
20230719_040433.560,4263114.47,335666.71,670.73,12.45,15.09,25.24,271.47,91.06,2.514,35,21,21,0.60,0.66,-0.52,,
20230719_041155.580,4263063.44,335720.14,681.04,12.09,15.13,38.12,273.39,88.73,2.484,30,22,16,0.67,0.73,-0.45,,
20230719_041343.440,4263094.90,335731.91,671.19,12.49,14.01,42.10,270.83,89.00,2.492,45,52,38,0.93,0.89,-0.24,,
20230719_041710.280,4263090.30,335748.68,724.32,12.76,13.03,29.47,271.43,90.35,2.481,56,37,64,1.24,1.28,0.11,,
20230719_042002.020,4263030.12,335631.93,652.26,14.24,14.70,26.83,78.14,90.81,2.466,30,15,16,0.28,0.43,-0.80,,
20230719_042006.560,4263023.37,335628.97,654.25,13.19,13.59,26.02,272.78,89.24,2.493,39,16,21,0.48,0.56,-0.63,,
20230719_043103.860,4263075.79,335726.82,680.32,12.35,13.67,33.17,272.15,88.87,3.964,32,18,16,0.80,0.85,-0.33,,
20230719_043105.320,4263072.39,335725.49,680.43,12.23,13.67,33.01,272.22,88.85,2.504,32,17,15,0.81,0.90,-0.30,,
20230719_043406.020,4263069.70,335716.80,697.95,12.89,13.33,41.06,272.39,89.20,2.525,46,40,38,0.98,1.03,-0.15,,
20230719_044426.140,4263131.52,335687.66,637.59,13.02,15.26,23.81,89.97,90.36,2.464,26,19,14,0.39,0.55,-0.68,,
20230719_044547.400,4263143.34,335753.84,651.30,7.81,11.14,37.09,270.96,88.16,2.472,38,70,24,0.71,0.71,-0.44,,
20230719_050147.540,4263035.01,335704.48,696.21,10.32,12.57,21.73,270.92,90.46,2.492,34,32,20,0.57,0.67,-0.53,,
20230719_051004.980,4263077.90,335593.30,692.56,10.62,11.46,18.04,275.99,76.66,2.475,24,14,12,0.51,0.40,-0.70,,
20230719_051543.780,4263089.68,335732.02,681.77,11.62,13.85,34.97,270.08,89.50,2.478,51,31,35,1.00,0.95,-0.18,,
20230719_051730.040,4263112.08,335736.10,676.94,11.94,13.88,29.24,270.60,87.43,2.506,39,23,18,0.71,0.77,-0.41,,
20230719_052359.820,4263061.73,335722.24,685.52,10.94,13.19,33.06,272.33,89.76,2.485,63,61,98,1.16,1.31,0.08,,
20230719_054509.880,4263033.62,335709.80,693.86,11.86,15.77,26.70,273.07,89.59,2.502,57,60,67,1.10,1.13,-0.03,,
20230719_055455.600,4263072.48,335747.52,713.64,13.35,15.13,42.04,271.31,89.41,2.506,51,36,39,1.11,1.07,-0.06,,
20230719_055501.740,4263064.59,335716.34,694.65,10.62,14.88,38.64,80.84,91.06,2.542,32,24,15,0.90,0.74,-0.33,,
20230719_055911.380,4263053.53,335831.30,737.19,14.01,16.77,27.22,270.43,89.26,2.503,32,43,29,1.09,0.80,-0.21,,
20230719_060005.780,4263073.33,335744.84,720.31,11.90,12.33,28.32,271.56,89.76,2.480,43,54,29,0.92,0.83,-0.27,,
20230719_060022.840,4263094.53,335732.45,663.69,12.36,16.20,41.78,270.05,88.84,2.505,40,32,28,0.94,0.89,-0.23,,
20230719_060125.060,4263106.89,335738.00,656.74,13.60,18.36,42.71,88.20,91.43,2.492,32,18,16,0.58,0.69,-0.51,,
20230719_061531.020,4263096.86,335754.34,707.49,13.02,13.53,36.75,89.03,90.71,2.464,57,60,59,1.19,1.04,-0.04,,
20230719_062035.920,4263025.16,335629.51,655.55,15.98,16.39,26.55,274.16,89.60,2.478,30,13,13,0.41,0.56,-0.66,,
20230719_062247.120,4262978.85,335727.44,729.12,9.88,13.47,27.48,93.34,90.06,2.506,32,17,14,0.92,0.77,-0.31,,
20230719_064141.680,4263149.64,335690.03,609.26,10.67,15.29,30.02,86.98,92.13,0.415,29,18,12,0.38,0.53,-0.70,,
20230719_064205.660,4263066.01,335827.35,704.77,13.60,14.95,39.08,273.05,87.56,2.461,36,29,24,0.77,0.81,-0.36,,
20230719_064501.860,4263089.10,335748.57,649.23,16.86,17.24,42.55,90.01,90.61,2.453,27,18,14,0.53,0.66,-0.55,,
20230719_064853.660,4263003.02,335614.93,659.87,14.61,14.98,22.02,83.18,89.89,2.493,29,14,12,0.42,0.54,-0.67,,
20230719_065306.860,4263079.88,335725.62,679.45,14.02,16.72,42.16,90.42,90.00,2.529,39,20,18,0.93,0.80,-0.29,,
20230719_065523.560,4263098.54,335761.81,692.08,14.87,15.60,25.58,89.92,91.03,2.498,68,32,68,1.15,1.23,0.04,,
20230719_065900.780,4263160.37,335772.30,673.85,8.06,8.44,28.40,86.56,89.66,0.506,19,5,5,1.28,1.08,0.03,,
20230719_070140.740,4263167.83,335677.17,593.21,14.26,17.51,30.12,76.00,88.35,2.424,54,53,74,1.03,1.19,-0.04,,
20230719_070535.980,4262965.18,335667.96,744.84,28.42,30.97,65.52,316.53,134.06,2.494,43,24,23,1.03,0.78,-0.25,,
20230719_071705.740,4263107.06,335675.50,638.68,10.91,12.31,25.85,270.38,90.86,2.496,43,32,30,0.70,0.69,-0.45,,
20230719_071903.640,4263077.77,335724.74,673.21,11.37,14.45,42.29,270.70,89.02,2.495,57,55,73,1.19,1.18,0.03,,
20230719_071905.740,4263080.42,335725.66,672.94,11.74,14.70,42.51,270.67,88.83,0.397,58,53,71,1.19,1.18,0.03,,
20230719_072348.880,4263123.49,335747.30,673.85,7.73,11.21,23.63,270.00,90.02,2.484,27,17,14,0.63,0.62,-0.53,,
20230719_073441.500,4263078.02,335726.73,681.30,13.66,14.77,34.37,271.48,88.61,2.507,50,31,34,0.94,0.86,-0.25,,
20230719_073610.580,4263060.22,335752.28,704.84,13.61,15.80,33.19,271.77,89.50,2.473,49,44,35,1.01,0.91,-0.19,,
20230719_073748.660,4263157.14,335698.07,610.47,6.25,9.42,28.48,269.54,90.04,1.831,40,28,27,1.93,1.30,0.46,,
20230719_074647.820,4263090.36,335726.26,663.86,12.97,15.70,22.15,49.87,88.93,2.507,62,48,108,1.20,1.30,0.10,,
20230719_074724.340,4263079.24,335755.25,843.27,18.09,21.77,23.88,275.32,99.10,2.461,42,66,32,1.04,0.87,-0.19,,
20230719_074924.900,4263113.37,335738.83,655.89,14.03,17.49,43.65,88.99,90.93,2.489,31,19,14,0.61,0.61,-0.54,,
20230719_075003.440,4263062.19,335751.28,703.51,13.27,14.88,41.60,91.03,90.08,2.500,63,56,80,1.16,1.34,0.10,,
20230719_075010.100,4263066.91,335753.40,697.36,12.79,14.00,34.24,271.53,88.99,2.515,53,45,45,1.13,1.08,-0.04,,
20230719_075130.920,4263104.23,335761.07,703.27,11.33,12.97,43.49,271.74,90.54,2.509,60,41,74,1.27,1.28,0.13,,
20230719_080627.020,4263103.75,335734.66,681.03,15.18,15.98,25.43,89.93,90.97,2.483,71,74,85,1.22,1.19,0.06,,
20230719_080821.520,4263086.20,335663.31,638.62,11.40,12.17,25.59,89.56,91.00,2.517,60,40,72,1.06,1.05,-0.10,,
20230719_080827.020,4263094.08,335665.85,632.27,13.60,15.09,36.47,270.22,87.86,2.523,38,22,22,0.68,0.62,-0.50,,
20230719_081128.000,4263151.34,335689.26,611.96,12.80,16.20,30.51,87.62,91.95,2.500,32,20,13,0.35,0.53,-0.71,,
20230719_081400.440,4262998.42,335664.18,704.93,16.37,16.37,28.75,89.98,85.38,2.525,48,27,33,0.99,0.86,-0.22,,
20230719_082102.600,4262990.21,335735.14,699.75,14.50,14.92,27.19,272.25,88.73,2.463,48,29,31,1.05,0.96,-0.15,,
20230719_082154.000,4263081.00,335659.42,641.64,11.05,13.34,42.67,270.63,89.47,2.468,31,13,13,1.45,1.16,0.16,,
20230719_083006.100,4263096.35,335771.74,667.20,13.88,17.58,42.74,270.29,88.89,2.483,39,25,20,0.77,0.79,-0.37,,
20230719_083234.520,4263041.90,335757.28,687.21,15.82,21.02,33.05,75.69,90.34,2.499,41,35,24,0.81,0.83,-0.33,,
20230719_083622.280,4263055.29,335761.21,693.27,16.62,21.11,42.30,76.81,90.57,2.516,41,30,25,1.09,0.93,-0.14,,
20230719_083648.200,4263108.91,335675.40,631.99,11.12,11.89,30.68,88.09,89.86,2.505,51,46,69,1.06,1.12,-0.06,,
20230719_083701.100,4263053.85,335750.47,698.42,14.05,17.68,35.21,271.20,90.80,2.542,55,46,52,1.13,1.26,0.05,,
20230719_083850.320,4263114.49,335766.39,697.62,10.20,12.03,28.56,272.49,90.36,2.456,42,48,35,1.07,0.84,-0.20,,
20230719_084920.980,4262958.19,335726.74,711.42,12.86,14.24,22.13,269.74,90.01,2.550,26,12,10,0.85,0.78,-0.34,,
20230719_085832.340,4263139.06,335744.65,674.23,12.23,16.42,36.90,88.18,92.68,2.502,34,34,16,0.51,0.60,-0.60,,
20230719_090023.100,4263024.53,335630.08,646.71,12.81,13.20,26.58,272.79,89.16,2.471,39,15,18,0.49,0.57,-0.62,,
20230719_090650.840,4263176.75,335680.97,619.87,15.31,16.68,35.96,271.24,90.75,2.533,39,56,23,0.48,0.51,-0.66,,
20230719_091031.360,4263035.17,335785.74,617.14,11.58,12.74,21.13,120.07,89.97,2.459,32,57,32,1.02,0.72,-0.28,,
20230719_091100.420,4263088.40,335758.05,688.16,13.48,13.63,30.78,88.92,90.09,2.487,59,47,52,1.09,1.03,-0.09,,
20230719_091918.440,4263032.47,335748.62,701.97,11.83,12.99,27.52,271.95,89.69,2.477,33,25,24,0.73,0.86,-0.36,,
20230719_093452.880,4263096.83,335735.44,676.17,18.25,19.70,41.97,270.30,76.78,2.194,36,18,15,0.66,0.56,-0.54,,
20230719_093502.800,4263106.61,335773.92,834.33,18.58,21.21,47.11,286.01,119.42,2.457,41,66,32,1.00,0.75,-0.28,,
20230719_093708.280,4263151.73,335692.27,608.54,14.32,15.79,36.73,270.91,92.38,2.521,34,21,15,0.43,0.61,-0.63,,
20230719_094210.020,4263031.17,335701.39,697.27,14.79,18.61,26.40,271.82,89.83,2.463,30,21,12,0.53,0.80,-0.49,,
20230719_094846.140,4262962.55,335722.45,739.37,10.48,10.76,19.78,89.97,90.11,2.441,42,51,22,0.79,0.80,-0.35,,
20230719_095255.020,4262974.78,335726.45,732.39,15.80,16.23,23.71,271.37,89.14,2.482,81,73,180,1.26,1.52,0.24,,
20230719_095701.700,4263018.88,335669.76,699.68,16.15,16.31,36.36,270.70,90.31,2.545,55,53,58,1.05,1.06,-0.09,,
20230719_101049.560,4263088.86,335757.31,696.45,10.93,12.36,28.59,90.94,90.12,2.440,43,74,36,0.82,0.75,-0.37,,
20230719_101052.740,4263106.24,335765.52,696.70,13.91,15.19,43.41,269.93,89.21,2.469,45,56,24,0.70,0.69,-0.45,,
20230719_102845.060,4263096.40,335731.11,681.08,14.46,16.75,42.43,89.48,91.50,2.485,39,20,16,0.66,0.62,-0.51,,
20230719_103547.160,4263096.93,335763.60,672.88,11.93,12.97,43.90,269.57,90.06,2.494,55,46,57,1.06,1.04,-0.10,,
20230719_103618.440,4263142.47,335691.96,586.97,9.94,11.60,30.03,270.71,91.16,2.504,33,21,16,0.61,0.64,-0.52,,
20230719_104045.740,4263130.24,335686.03,607.05,12.02,12.76,25.70,89.04,90.18,2.513,49,29,34,0.87,0.85,-0.29,,
20230719_105054.260,4263140.40,335692.15,588.71,11.39,14.06,35.14,90.64,89.56,2.528,36,20,15,0.58,0.64,-0.54,,
20230719_105130.800,4263115.87,335774.15,667.11,13.25,17.07,43.79,88.72,92.15,2.503,44,47,27,0.70,0.76,-0.42,,
20230719_105433.420,4263130.86,335687.15,583.62,12.92,13.81,30.10,271.73,90.18,2.510,49,30,24,0.84,0.75,-0.35,,
20230719_105917.020,4263056.71,335747.38,677.23,9.85,13.51,38.61,272.25,88.94,2.450,37,26,21,0.81,0.80,-0.35,,
20230719_111856.500,4262954.07,335715.88,737.71,13.85,15.16,22.00,271.63,89.69,2.490,46,32,27,0.73,0.84,-0.37,,
20230719_112045.660,4263154.10,335692.84,606.59,12.39,14.96,23.95,89.99,90.02,2.531,31,17,12,0.34,0.47,-0.74,,
20230719_112244.740,4263116.06,335662.49,609.75,15.91,17.89,42.01,89.65,92.21,2.448,30,20,14,0.34,0.46,-0.75,,
20230719_113029.220,4263083.40,335653.14,612.81,14.66,17.15,39.55,80.04,92.32,2.486,30,16,14,0.40,0.55,-0.67,,
20230719_113839.760,4263006.20,335620.81,648.44,13.18,13.75,22.48,271.51,90.71,2.493,37,18,18,0.37,0.52,-0.70,,
20230719_114141.700,4263018.66,335625.21,646.25,14.86,15.41,33.18,273.15,87.98,2.527,71,29,63,0.93,0.92,-0.23,,
20230719_114459.940,4262999.29,335609.00,656.89,16.42,17.82,20.37,277.86,95.43,2.430,26,10,10,0.24,0.35,-0.86,,
20230719_114539.400,4263042.08,335712.15,691.58,13.96,19.24,33.08,273.87,89.06,2.449,32,25,15,0.36,0.56,-0.69,,
20230719_114645.440,4263102.57,335667.13,625.55,15.51,16.63,36.63,88.81,81.00,2.488,29,19,12,0.36,0.47,-0.74,,
20230719_114858.180,4263021.12,335624.71,651.41,16.23,16.93,26.60,89.06,92.65,2.445,35,15,15,0.26,0.43,-0.80,,
20230719_120910.060,4263130.53,335774.24,686.04,14.63,14.82,44.35,267.25,82.84,2.450,46,86,30,1.14,0.67,-0.25,,
20230719_121356.380,4263125.57,335778.54,661.28,13.30,16.30,36.85,270.27,90.92,2.494,38,21,15,0.66,0.71,-0.47,,
20230719_124327.820,4263103.33,335763.57,684.45,13.18,15.13,30.09,89.81,91.75,2.460,45,58,28,0.65,0.66,-0.50,,
20230719_124657.380,4262958.31,335718.17,740.97,15.25,15.79,22.14,272.17,88.71,2.444,38,21,15,0.66,0.63,-0.50,,
20230719_124910.540,4263122.27,335685.60,585.12,14.13,15.10,35.30,272.87,89.40,2.509,55,25,31,0.84,0.84,-0.31,,
20230719_125617.420,4263115.67,335680.29,608.85,12.53,12.61,24.02,270.00,90.01,2.531,60,43,59,0.99,1.02,-0.15,,
20230719_125643.720,4263133.50,335686.60,613.59,11.46,11.81,25.75,270.21,91.05,2.522,65,43,69,0.98,1.08,-0.12,,
20230719_130548.860,4262967.62,335747.28,715.29,10.98,12.27,26.31,276.70,89.76,2.491,25,21,15,0.74,0.71,-0.42,,
20230719_131651.700,4263158.68,335692.95,581.22,14.80,21.29,23.80,93.08,90.11,2.510,45,36,24,0.66,0.74,-0.45,,
20230719_131653.920,4263158.45,335692.93,581.28,14.79,21.73,33.11,54.19,89.10,0.289,31,36,23,0.64,0.73,-0.47,,
20230719_133952.740,4263151.95,335873.75,584.15,12.21,14.98,29.60,277.90,88.50,4.722,10,5,5,1.12,0.87,-0.16,,
20230719_134203.960,4263101.96,335734.61,669.04,13.18,15.05,42.54,90.17,91.20,2.507,44,41,27,0.68,0.72,-0.45,,
20230719_135423.660,4263062.30,335753.89,694.51,14.56,18.80,34.42,75.98,91.70,2.515,57,51,55,1.08,1.25,0.02,,
20230719_135957.880,4263128.59,335741.53,672.17,12.32,14.17,25.96,270.39,91.08,2.503,50,50,37,0.88,0.81,-0.30,,
20230719_140753.600,4263105.35,335767.86,671.38,14.97,17.17,43.31,88.89,91.12,2.493,41,32,17,0.61,0.58,-0.55,,
20230719_141257.260,4263140.15,335688.73,576.42,12.77,15.60,36.95,271.65,90.76,2.513,47,26,20,0.68,0.71,-0.46,,
20230719_142106.840,4263049.50,335761.91,704.80,17.44,18.42,42.92,269.59,90.64,2.491,34,19,14,0.67,0.66,-0.48,,
20230719_144729.880,4263117.98,335743.10,648.57,15.97,18.62,30.43,88.82,91.30,2.457,32,17,13,0.63,0.60,-0.54,,
20230719_145559.460,4263016.80,335756.35,712.01,19.13,19.60,41.20,268.82,89.98,2.506,35,26,18,0.73,0.64,-0.47,,
20230719_152521.700,4263125.30,335741.91,663.71,12.56,15.90,25.81,89.32,90.57,2.496,52,46,41,0.92,0.86,-0.26,,
20230719_154038.400,4263051.60,335717.05,691.16,12.06,15.47,39.55,272.85,88.99,2.521,67,51,96,1.07,1.27,0.02,,
20230719_154546.400,4263146.97,335693.32,608.98,10.11,11.84,30.38,89.72,91.31,2.532,36,27,21,0.58,0.64,-0.54,,
20230719_155048.700,4263114.04,335776.88,657.81,10.42,12.45,25.13,270.83,90.44,2.499,37,23,26,0.95,1.02,-0.16,,
20230719_155614.680,4262980.21,335668.54,652.50,14.25,17.53,22.47,263.56,97.40,2.455,28,13,11,0.57,0.52,-0.61,,
20230719_155920.240,4262964.77,335679.18,685.18,9.38,17.35,38.81,80.01,90.22,2.500,32,24,20,1.00,0.73,-0.29,,
20230719_160406.840,4263079.14,335782.21,714.64,17.90,18.82,44.72,88.21,90.57,2.520,37,23,16,0.80,0.69,-0.40,,
20230719_160545.080,4263062.71,335646.43,644.33,12.74,13.80,34.26,271.79,89.13,2.499,48,26,30,0.65,0.65,-0.50,,
20230719_160610.400,4263128.07,335683.40,581.03,13.32,16.66,43.25,270.72,88.94,2.458,39,19,13,0.61,0.63,-0.53,,
20230719_160728.180,4262990.05,335736.44,702.74,21.45,22.48,43.49,56.89,69.66,2.466,26,13,11,0.55,0.51,-0.62,,
20230719_164452.140,4263108.97,335777.97,658.02,14.10,15.13,29.42,271.70,91.15,2.514,51,28,36,0.97,1.01,-0.16,,
20230719_165322.460,4263071.05,335653.50,646.23,16.59,17.86,28.76,271.12,88.63,2.502,27,15,13,0.37,0.42,-0.76,,
20230719_165449.380,4262933.28,335645.64,705.17,13.39,19.14,29.83,79.62,93.63,2.530,41,32,40,1.09,0.95,-0.13,,
20230719_165622.080,4262945.08,335695.38,730.47,15.27,27.42,54.42,313.24,87.50,2.475,52,23,38,1.02,0.74,-0.27,,
20230719_165628.340,4262967.39,335728.92,723.57,15.52,22.55,33.91,351.85,92.84,2.450,36,16,17,0.65,0.57,-0.54,,
20230719_165933.780,4263112.92,335675.85,592.30,13.19,14.60,42.17,271.05,88.40,2.494,48,21,22,0.81,0.77,-0.36,,
20230719_170725.580,4262996.73,335737.41,713.50,15.56,16.01,27.92,271.78,90.16,2.487,78,45,85,1.11,1.43,0.12,,
20230719_172342.680,4263085.42,335764.51,669.21,16.23,18.80,41.93,270.17,87.96,2.460,37,22,17,0.61,0.69,-0.50,,
20230719_172520.440,4263163.97,335699.11,584.89,6.80,12.07,29.06,269.18,89.76,2.473,26,17,11,0.43,0.55,-0.66,,
20230719_172543.760,4263101.38,335768.47,670.13,14.85,17.55,43.24,270.01,89.25,2.495,46,34,26,0.83,0.80,-0.33,,
20230719_172727.460,4263051.64,335697.48,623.55,13.93,16.66,25.26,271.95,93.03,2.509,55,50,69,1.04,0.99,-0.13,,
20230719_175813.300,4263130.87,335685.91,582.41,12.95,14.89,36.60,89.39,91.14,2.508,41,18,13,0.57,0.62,-0.55,,
20230719_175832.800,4263136.72,335686.92,581.32,11.10,12.61,25.83,270.13,89.06,2.507,52,24,28,0.83,0.86,-0.30,,
20230719_180055.120,4263129.51,335684.66,579.15,13.23,13.90,36.91,90.08,91.58,2.554,76,71,108,1.15,1.28,0.07,,
20230719_182040.280,4263072.31,335672.38,582.81,13.93,20.88,25.04,68.38,90.32,2.459,34,23,15,0.56,0.60,-0.57,,
20230719_183600.700,4263047.71,335761.33,683.32,17.62,18.35,41.42,90.25,90.59,2.510,51,42,38,1.14,0.94,-0.11,,
20230719_183623.100,4263113.66,335764.96,677.48,14.41,15.79,30.06,271.60,91.00,2.515,52,41,32,1.00,0.79,-0.26,,
20230719_183924.280,4263125.94,335776.07,663.98,12.54,15.00,30.58,89.21,90.88,2.524,44,52,30,0.79,0.70,-0.41,,
20230719_184810.040,4263123.43,335740.45,672.16,13.53,16.26,43.43,269.98,88.45,2.481,42,42,21,0.62,0.63,-0.52,,
20230719_190923.700,4262982.36,335669.71,655.42,14.49,16.24,24.03,272.53,92.20,2.477,34,16,16,0.95,0.59,-0.38,,
20230719_191730.240,4263037.95,335636.69,638.77,11.09,13.83,26.19,79.85,91.51,2.497,47,32,29,0.70,0.66,-0.47,,
20230719_192119.580,4263121.29,335782.52,654.15,10.58,12.58,25.38,271.13,90.35,2.509,40,28,33,1.03,1.04,-0.12,,
20230719_192324.520,4263150.95,335688.47,610.71,13.39,18.18,25.64,78.13,88.86,2.469,29,19,12,0.30,0.46,-0.77,,
20230719_195243.480,4263108.44,335766.73,685.15,12.87,13.27,43.38,271.15,90.30,2.492,58,60,57,1.09,1.03,-0.09,,
20230719_200016.600,4263123.97,335771.09,676.99,9.25,11.66,44.12,270.00,92.02,2.504,46,87,40,1.01,0.84,-0.22,,
20230719_202520.200,4262956.30,335717.33,740.00,12.25,12.78,21.12,272.51,89.72,2.491,34,29,19,0.98,0.83,-0.25,,
20230719_203619.360,4263102.63,335673.26,592.90,12.38,12.84,42.42,270.80,88.50,2.543,56,50,72,1.32,1.29,0.15,,
20230719_205922.900,4262972.77,335725.36,735.57,15.75,16.28,23.53,271.16,89.14,2.461,42,30,15,0.71,0.72,-0.43,,
20230719_210647.360,4263023.21,335636.00,629.21,8.14,9.59,18.49,270.50,92.47,2.512,30,16,13,0.47,0.52,-0.66,,
20230719_212938.900,4263157.45,335698.14,588.21,12.81,15.10,41.71,86.58,92.61,2.502,28,17,11,0.53,0.58,-0.60,,
20230719_214758.140,4263175.95,335678.80,596.74,15.89,17.26,30.58,76.57,88.63,2.504,38,47,26,0.64,0.65,-0.50,,
20230719_221324.580,4263095.56,335760.04,690.42,14.24,14.43,36.68,89.46,90.97,2.495,53,65,36,0.87,0.81,-0.31,,
20230719_223221.820,4263160.14,335689.90,590.74,11.07,16.92,36.06,272.37,90.88,2.474,27,15,10,0.40,0.48,-0.71,,
20230719_223604.600,4263103.46,335781.68,649.33,15.14,15.96,36.46,90.04,90.19,2.488,39,24,20,0.86,0.78,-0.33,,
20230719_231149.120,4263043.10,335711.05,630.60,0.52,4.76,6.20,53.09,89.94,2.500,27,19,19,0.89,0.66,-0.37,,
20230719_234254.620,4263100.69,335760.38,695.60,13.72,13.88,24.13,89.98,90.02,2.480,63,46,74,1.23,1.31,0.12,,
20230720_000643.220,4263162.12,335637.31,616.41,4.68,9.65,27.77,88.42,89.21,2.536,27,24,17,0.50,0.47,-0.66,,
20230720_023811.180,4262928.98,335709.65,751.32,11.21,11.86,22.30,270.49,88.61,2.476,60,32,69,1.25,1.14,0.04,,
20230720_044440.060,4263136.11,335824.68,626.81,21.39,22.71,37.35,344.37,65.19,2.489,58,63,130,1.18,1.44,0.16,,
20230720_060050.400,4262939.81,335665.76,786.33,11.51,13.29,20.01,89.72,91.24,2.454,26,20,11,0.58,0.62,-0.55,,
20230720_073607.100,4263115.92,335741.89,688.29,12.36,14.49,43.57,270.29,88.40,2.497,54,72,43,0.83,0.79,-0.34,,
20230720_073746.420,4263125.79,335772.05,691.97,8.60,11.27,25.25,270.63,90.95,2.455,43,61,40,0.92,0.68,-0.35,,
20230720_074335.220,4263134.95,335679.28,654.18,16.68,16.81,40.59,92.07,79.49,2.470,25,16,10,0.33,0.38,-0.79,,
20230720_074747.500,4263024.19,335635.25,637.27,9.46,11.16,20.03,270.22,89.82,2.520,38,21,20,0.53,0.67,-0.55,,
20230720_075606.580,4263119.28,335763.86,706.34,15.23,15.54,37.06,89.54,91.28,2.443,46,61,31,0.81,0.71,-0.39,,
20230720_080229.500,4262995.65,335613.27,643.27,15.92,16.86,21.79,89.20,90.18,2.477,28,11,12,0.29,0.43,-0.79,,
20230720_080748.780,4263103.94,335762.22,695.46,10.13,11.79,28.63,271.45,88.93,2.489,36,31,18,0.81,0.82,-0.33,,
20230720_081010.300,4263045.02,335731.55,862.61,16.68,18.83,33.66,80.44,102.15,2.474,41,66,26,1.11,0.75,-0.22,,
20230720_081226.360,4263150.50,335756.04,678.88,9.44,12.75,25.87,270.12,88.45,2.563,24,14,14,0.46,0.50,-0.67,,
20230720_081302.320,4262920.47,335772.52,759.57,17.86,18.84,22.31,91.50,91.39,2.410,25,14,10,0.62,0.58,-0.55,,
20230720_082148.080,4263115.77,335678.57,648.17,10.46,13.46,35.37,89.73,92.08,2.540,45,33,30,1.19,0.78,-0.17,,
20230720_082210.760,4263120.31,335674.22,647.99,11.66,13.79,42.67,271.95,91.97,2.508,57,40,77,1.16,0.97,-0.09,,
20230720_082338.880,4263067.88,335715.93,696.25,13.75,15.00,40.57,271.75,89.04,2.445,41,19,19,0.81,0.82,-0.33,,
20230720_082913.020,4263076.43,335720.16,692.33,13.18,17.23,40.23,272.20,88.25,2.467,41,34,21,0.70,0.70,-0.45,,
20230720_084459.700,4263106.10,335766.30,685.73,14.02,14.77,30.34,89.36,91.29,2.502,51,50,33,0.86,0.78,-0.33,,
20230720_084636.400,4263091.69,335755.40,692.51,15.20,17.47,42.26,271.88,89.16,2.543,55,46,43,1.13,0.83,-0.17,,
20230720_085240.640,4263149.29,335692.31,608.87,13.75,15.82,25.53,271.17,91.10,2.525,34,20,14,0.48,0.60,-0.61,,
20230720_085518.820,4263001.01,335712.38,769.76,12.13,15.36,22.14,87.93,89.72,2.432,23,21,16,0.60,0.66,-0.52,,
20230720_085822.540,4263143.14,335691.38,585.28,11.59,12.80,24.10,89.96,90.06,2.508,52,23,29,0.92,0.86,-0.26,,
20230720_090113.160,4263123.00,335596.44,614.21,11.57,16.54,23.96,21.60,85.64,2.523,41,33,28,0.68,0.59,-0.52,,
20230720_090602.640,4263161.08,335759.50,629.71,10.97,17.36,36.14,270.96,91.27,2.475,41,58,25,0.74,0.73,-0.42,,
20230720_091146.460,4263014.92,335626.03,650.21,9.15,11.04,20.61,270.54,90.46,2.500,34,16,18,0.54,0.60,-0.58,,
20230720_091213.760,4262980.34,335695.22,723.12,20.34,22.53,34.16,316.80,75.38,2.462,39,17,21,0.86,0.70,-0.37,,
20230720_091251.500,4263014.19,335624.49,650.98,12.65,13.02,22.64,271.50,89.59,2.520,47,15,28,0.76,0.73,-0.41,,
20230720_091336.660,4263061.14,335648.90,648.50,13.10,13.59,33.61,272.16,88.43,2.510,47,29,29,0.71,0.68,-0.46,,
20230720_091628.360,4262991.29,335702.78,715.76,23.35,23.92,41.74,317.51,79.82,2.461,41,18,26,0.89,0.71,-0.35,,
20230720_092029.360,4263010.38,335622.08,649.42,11.69,12.83,21.83,89.45,89.87,2.500,54,17,37,0.91,0.88,-0.25,,
20230720_092650.140,4263042.17,335743.51,681.22,9.92,15.38,25.90,79.21,89.25,2.478,30,35,19,0.59,0.62,-0.55,,
20230720_093708.020,4262925.20,335703.86,732.53,11.30,12.61,20.91,270.00,90.01,2.471,63,30,80,1.16,1.25,0.06,,
20230720_093718.140,4263092.17,335759.50,692.93,12.83,13.00,25.48,89.29,89.89,2.518,64,53,83,1.16,1.21,0.04,,
20230720_093747.780,4263091.36,335759.05,687.58,10.61,11.59,25.71,89.73,88.85,2.478,53,57,41,1.06,0.82,-0.21,,
20230720_093949.540,4263093.74,335760.41,683.51,11.35,12.61,44.17,269.91,89.53,2.500,45,48,32,0.94,0.85,-0.25,,
20230720_094558.960,4263129.97,335744.37,676.16,12.45,15.39,25.75,89.69,91.59,2.453,38,33,17,0.65,0.63,-0.51,,
20230720_100612.340,4263134.82,335768.14,657.77,11.81,13.34,42.03,271.25,90.70,2.501,43,85,29,1.36,0.75,-0.10,,
20230720_101540.600,4263100.38,335735.51,684.09,13.79,14.08,29.83,270.46,88.61,2.508,51,50,32,0.84,0.84,-0.31,,
20230720_102640.800,4263136.21,335691.78,584.08,14.42,17.73,25.59,78.67,89.26,2.500,43,25,19,0.74,0.72,-0.42,,
20230720_102741.860,4263121.28,335772.33,674.38,13.89,15.57,24.11,89.99,90.02,2.492,46,49,26,1.11,0.79,-0.20,,
20230720_102829.840,4263089.26,335758.44,696.78,14.67,14.84,43.40,89.79,90.95,2.507,51,45,28,0.99,0.81,-0.25,,
20230720_102910.380,4263112.89,335768.71,670.29,13.17,14.25,30.07,271.06,90.96,2.509,49,47,29,0.83,0.79,-0.34,,
20230720_103428.100,4263098.26,335763.91,674.84,13.62,13.65,36.87,89.28,90.98,2.493,69,70,121,1.28,1.53,0.25,,
20230720_110328.540,4263062.96,335758.17,690.23,16.65,19.41,42.22,78.29,90.68,2.483,45,33,25,0.87,0.69,-0.37,,
20230720_110747.940,4262955.26,335670.92,677.09,11.83,17.51,23.88,82.62,93.33,2.508,52,35,54,1.17,1.03,-0.05,,
20230720_111005.680,4263117.78,335771.08,664.24,13.57,15.28,44.28,270.78,91.45,2.455,44,52,29,0.68,0.62,-0.50,,
20230720_113700.260,4263065.95,335708.71,631.06,11.81,17.69,40.16,271.88,88.80,2.455,35,22,17,0.71,0.62,-0.49,,
20230720_115655.360,4263140.24,335688.49,580.82,12.00,13.56,30.54,270.25,88.17,2.506,43,16,18,0.79,0.78,-0.36,,
20230720_123042.460,4263165.30,335852.02,617.42,18.73,21.95,43.58,292.70,84.36,2.430,39,50,28,0.77,0.71,-0.41,,
20230720_123256.300,4263103.62,335769.02,667.32,14.33,17.04,43.14,89.51,91.87,2.480,44,44,26,0.74,0.76,-0.40,,
20230720_140009.780,4263123.15,335770.14,684.28,13.08,14.54,43.93,270.98,91.69,2.430,50,152,49,0.98,0.75,-0.29,,
20230720_140416.920,4263142.13,335772.95,657.36,7.67,9.83,23.66,270.06,88.59,4.774,7,7,5,1.14,0.94,-0.11,,
20230720_144510.080,4263132.67,335860.67,730.28,7.96,10.60,21.09,274.83,90.47,4.175,37,32,29,0.94,1.09,-0.13,,
20230720_151525.720,4263150.60,335698.05,578.93,6.39,9.42,30.00,271.54,88.71,2.789,26,12,10,1.09,0.77,-0.22,,
20230720_151605.460,4263139.01,335690.73,583.31,10.60,11.43,36.14,271.27,90.28,2.543,71,140,327,1.48,1.69,0.43,,
20230720_151640.020,4263149.21,335700.68,590.81,12.71,14.05,29.52,272.06,89.63,2.491,37,15,16,1.38,0.92,0.00,,
20230720_151855.840,4263142.63,335690.75,607.52,13.09,13.95,25.50,270.57,91.12,2.504,30,19,13,0.61,0.67,-0.51,,
20230720_151955.380,4263138.48,335687.39,605.70,11.77,12.84,23.93,270.02,90.02,2.493,50,33,39,0.91,0.89,-0.25,,
20230720_160024.380,4262955.21,335735.72,871.26,10.31,13.59,18.33,261.78,93.58,4.647,13,6,6,1.95,1.11,0.38,,
20230720_160528.760,4263112.11,335812.32,640.03,5.76,11.63,37.25,273.90,92.67,2.584,23,21,20,1.48,1.10,0.14,,
20230720_160916.140,4263102.96,335759.49,699.61,10.15,12.00,42.67,271.48,88.41,2.511,42,60,33,1.03,0.86,-0.20,,
20230720_161020.100,4263111.80,335762.54,694.96,11.45,11.59,23.68,270.03,89.99,2.497,47,33,46,1.26,1.15,0.05,,
20230720_161206.400,4263158.88,335757.39,754.51,8.26,9.49,23.92,271.87,90.94,2.438,18,5,5,1.65,1.08,0.22,,
20230720_162855.320,4263096.73,335759.67,676.65,13.31,15.21,29.63,271.28,90.77,2.486,49,43,31,1.00,0.79,-0.26,,
